<?xml version="1.0" encoding="UTF-8"?>

<databaseChangeLog xmlns="http://www.liquibase.org/xml/ns/dbchangelog"
	xmlns:xsi="http://www.w3.org/2001/XMLSchema-instance"
	xsi:schemaLocation="http://www.liquibase.org/xml/ns/dbchangelog
         http://www.liquibase.org/xml/ns/dbchangelog/dbchangelog-3.1.xsd">

	<changeSet id="createUserTable" author="alice.chen">
		<createTable tableName="users">
			<column name="id" type="bigint" autoIncrement="true">
				<constraints primaryKey="true" nullable="false" />
			</column>
			<column name="email" type="varchar(255)">
				<constraints unique="true" />
			</column>
			<column name="password" type="varchar(255)" />
			<column name="display_name" type="varchar(255)" />
			<column name="facebook" type="varchar(255)" />
			<column name="google" type="varchar(255)" />
			<column name="linkedin" type="varchar(255)" />
			<column name="github" type="varchar(255)" />
			<column name="foursquare" type="varchar(255)" />
			<column name="twitter" type="varchar(255)" />
		</createTable>
	</changeSet>
</databaseChangeLog>
